"","GeneA","GeneB","correlation"
"1","G1","G2","0.316900484140552"
"2","G1","G3","0.0249935444895291"
"3","G1","G4","0.399280447277176"
"4","G1","G5","0.176255347587802"
"5","G2","G3","0.298735502557941"
"6","G2","G4","0.201283989789108"
"7","G2","G5","0.0402377982575257"
"8","G3","G4","-0.141091070231731"
"9","G3","G5","0.472195228788833"
"10","G4","G5","-0.159522762813689"
