Seq,Name,Hospital,Gender,Virus,G1,G2,G3,G4,G5
1,F1,1,0,1,4.96733,7.72514,2.342318181,8.68048,6.2233
2,F2,1,0,1,5.23769,7.57584,3.668578107,8.98083,6.881
3,F3,1,0,0,5.29807,7.52612,9.105157205,8.84816,7.091
4,F4,1,0,1,5.33037,6.84487,2.559435219,8.69225,7.11
5,F5,1,0,0,5.54064,7.1868,10.02447935,9.98818,6.88
6,F6,1,0,1,5.14521,7.17805,3.900455058,9.28913,6.99
7,F7,1,0,0,5.01138,7.27676,10.46067427,9.2274,6.43
8,F8,1,0,0,5.26176,7.17993,7.307029655,7.23362,7.32
9,F9,1,0,0,4.90951,6.48248,10.83717019,7.67547,6.63309
10,F10,1,0,0,5.38373,7.79339,13.71427202,8.57922,8.81734
11,F11,1,0,1,5.26369,7.0513,7.045228443,8.94352,8.09466
12,F12,1,0,0,5.27258,7.68798,10.78686706,8.73394,8.35231
13,F13,1,0,1,5.2122,7.67654,3.212394413,8.16105,7.09118
14,F14,1,0,1,5.18041,7.38052,5.994165782,8.80289,8.23741
15,F15,1,0,0,4.93457,6.68817,8.150585185,8.30874,7.74265
16,F16,1,0,0,5.27087,6.97279,7.447664065,8.59406,8.11589
17,F17,1,0,1,4.92389,7.0204,2.065396498,7.04338,7.8624
18,F18,1,0,0,5.36667,7.28527,7.165667788,8.57539,8.39726
19,F19,1,0,1,5.21092,7.19374,2.938035154,7.97969,6.68477
20,F20,1,0,1,5.2347,7.06681,8.62320941,8.37884,8.36757
